{
  "meta": {
    "generated_at_utc": "2025-12-26T00:15:46.207797Z",
    "tool": "WebSecAuditDashboard",
    "version": "1.0"
  },
  "target": {
    "input_url": "https://www.linkedin.com/feed/",
    "host": "www.linkedin.com",
    "domain": "linkedin.com"
  },
  "checks": {
    "security_headers_audit": {
      "status": "OK",
      "findings": [
        {
          "header": "Strict-Transport-Security",
          "status": "PASS",
          "details": "max-age=31536000"
        },
        {
          "header": "Content-Security-Policy",
          "status": "PASS",
          "details": "default-src 'none'; connect-src 'self' *.licdn.com *.linkedin.com cdn.linkedin.oribi.io dpm.demdex.net/id lnkd.demdex.net blob: accounts.google.com/gsi/ linkedin.sc.omtrdc.net/b/ss/ v.clarity.ms/collect *.microsoft.com *.adnxs.com *.tealiumiq.com login.microsoftonline.com bat.bing.com www.google.com google.com adservice.google.com pagead2.googlesyndication.com td.doubleclick.net www.googletagmanager.com www.googleadservices.com ad.doubleclick.net googleads.g.doubleclick.net; script-src 'report-sample' 'sha256-th47JTnh6tX15SUn/I+GGmsOSXpa7dh5Skner77gxlY=' 'sha256-SSoodjUD3LGm2FfFCVHGqEb8D4UM3OOigidT2UKDcYg=' 'sha256-cKTgdnmO6+hXd85a9wKg1effVfVzenUAtUCyOKY9bQE=' 'sha256-DwtT8+ZZKpxH9pqZNAmJ3GdbLAh5SsYaXR3omTXPCns=' 'sha256-sV9jZa797T0QWBzcU/CNd4tpBhTnh+TFdLnfjlitl28=' 'sha256-aa/Q8CRBDSqTQbCIyioPhZaz+G+dbPyu7BzsjInEmiU=' 'sha256-THuVhwbXPeTR0HszASqMOnIyxqEgvGyBwSPBKBF/iMc=' 'sha256-zTIusdVJJeXz9+iox2a+pdDglzbpRpFVRzEwvW4AONk=' 'sha256-iC8MPqNLw0FDnsBf4DlSkFLNTwhkI85aouiAEB819ic=' 'sha256-2EqrEvcPzl8c6/TSGVvaVMEe7lg700MAz/te4/3kTYY=' 'sha256-y5uW69VItKj51mcc7UD9qfptDVUqicZL+bItEpvVNDw=' 'sha256-DatsFGoJ8gFkzzxo47Ou76WZ+3QBPOQHtBu9p9b3DhA=' 'sha256-k95cyM8gFgPziZe5VQ2IvJvBUVyd5zFt2CokIUwqdHE=' 'sha256-PyCXNcEkzRWqbiNr087fizmiBBrq9O6GGD8eV3P09Ik=' 'sha256-RFqsjmAF1N5LnfpaHFvPqFlVkeIS/DtTAFor+JjJJVc=' 'sha256-2SQ55Erm3CPCb+k03EpNxU9bdV3XL9TnVTriDs7INZ4=' 'sha256-S/KSPe186K/1B0JEjbIXcCdpB97krdzX05S+dHnQjUs=' 'sha256-9pXOIwF4N0gPltLd3AI69lkCjSC2H/Eb3sc5zdmUyYU=' 'sha256-jou6v/Nleyzoc+LXktAv1Fp8M807dVVxy7E/yzVljHc=' 'sha256-6E4e/3dSvj/8JZT2S2yR91mspqM6MyOpKl5lrhHsZa8=' 'sha256-JfJ82reKxtqugVbfRGw/O/1x1Lm1I09rHueXSwvbRws=' 'sha256-BbV1i75oYRtLtfDWs7tnA8QLF5EOO1dVHKL0prVd/fQ=' 'sha256-3woF8BZ54TeXM+czaH3aXoaJsVpiamuAKFsXDykAR/Q=' 'sha256-vIfNcKb8ixJg1cfJIoNNYjWcm0lezj1/XpUNFiZyVsU=' 'sha256-cLsHUHFgT/VGX04cZrJ9xgm4HbzTR7ptutkxK+7BlMk=' 'sha256-BwU8jMnQYUhjOpsDVABpfddV/DlP1ZYrFcTumYw7x54=' 'sha256-wz6ika9i3WU3bpUPdhYDZeO/NrDQniDyiscN0LWnyaY=' 'sha256-3RIGhhApBii1KY+aW1xk7kFyoQY8vSVE5DfT7E9SJUc=' static.licdn.com static-exp1.licdn.com static-exp2.licdn.com static-exp3.licdn.com platform.linkedin.com platform-akam.linkedin.com platform-ecst.linkedin.com platform-azur.linkedin.com snap.licdn.com www.google.com/recaptcha/enterprise.js www.gstatic.com/recaptcha/releases/ www.googletagmanager.com/gtag/js www.googleadservices.com/pagead/ www.google.com/pagead/ googleads.g.doubleclick.net/pagead/ adservice.google.com/pagead/ pagead2.googlesyndication.com/pagead/ www.googletagmanager.com/gtag/destination merchantpool1.linkedin.com/mdt.js; img-src data: blob: * android-webview-video-poster:; font-src data: *; style-src 'self' 'unsafe-inline' static.licdn.com static-exp1.licdn.com static-exp2.licdn.com static-exp3.licdn.com; media-src 'self' *.licdn.com *.lynda.com; worker-src 'self' blob: static.licdn.com static-exp1.licdn.com static-exp2.licdn.com static-exp3.licdn.com; frame-src 'self' www.youtube.com/embed/ www.youtube-nocookie.com/embed/ lnkd.demdex.net smartlock.google.com accounts.google.com player.vimeo.com *.linkedin.com www.slideshare.net *.megaphone.fm *.omny.fm *.sounder.fm msit.powerbi.com app.powerbi.com linkedin.github.io *.licdn.com *.adnxs.com acdn.adnxs-simple.com radar.cedexis.com edge-auth.microsoft.com flo.uri.sh play.vidyard.com www.google.com/recaptcha/ *.fls.doubleclick.net www.googletagmanager.com td.doubleclick.net li.protechts.net *.xlgmedia.com *.px-cloud.net merchantpool1.linkedin.com; frame-ancestors 'self' *.www.linkedin.com:*; manifest-src 'self'; report-uri https://www.linkedin.com/security/csp?f=grl"
        },
        {
          "header": "X-Frame-Options",
          "status": "PASS",
          "details": "sameorigin"
        },
        {
          "header": "X-Content-Type-Options",
          "status": "PASS",
          "details": "nosniff"
        },
        {
          "header": "Referrer-Policy",
          "status": "FAIL",
          "details": "Missing"
        },
        {
          "header": "Permissions-Policy",
          "status": "FAIL",
          "details": "Missing"
        }
      ],
      "final_url": "https://www.linkedin.com/uas/login?session_redirect=https%3A%2F%2Fwww.linkedin.com%2Ffeed%2F"
    },
    "https_redirect_and_hsts": {
      "http_to_https_redirect": {
        "status": "PASS",
        "details": "Redirects to https://www.linkedin.com/uas/login?session_redirect=https%3A%2F%2Fwww.linkedin.com%2Ffeed%2F"
      },
      "hsts": {
        "status": "PASS",
        "details": "max-age=31536000"
      }
    },
    "cookie_flag_analysis": {
      "status": "OK",
      "cookies_found": true,
      "findings": [
        {
          "cookie": "li_rm=AQFQRdLWLvEDtwAAAZtYAvkdRxsT8R7jDrHs4ulsTVNHHxFTP_LGl8JIrXdoQz0y0TnLqyvf9zCD2s94DGAd8lx09W3HSdjT3BFspA06vT0iejUmtVtio0z6; Max-Age=31536000; Expires=Sat, 26 Dec 2026 00:15:48 GMT; SameSite=None; Path=/; Domain=.www.linkedin.com; Secure; HTTPOnly",
          "Secure": true,
          "HttpOnly": true,
          "SameSite": true,
          "status": "PASS"
        },
        {
          "cookie": "bcookie=\"v=2&b4cea033-8b1a-488e-8ec4-6a19b9b8af70\"; domain=.linkedin.com; Path=/; Secure; Expires=Sat, 26-Dec-2026 00:15:48 GMT; SameSite=None",
          "Secure": true,
          "HttpOnly": false,
          "SameSite": true,
          "status": "WARN"
        },
        {
          "cookie": "bscookie=\"v=1&2025122600154887cef438-47ce-499d-86d0-d645074d77c7AQFU_U_ah0jOtbJGQf4bhc8bwBwnYAvw\"; domain=.www.linkedin.com; Path=/; Secure; Expires=Sat, 26-Dec-2026 00:15:48 GMT; HttpOnly; SameSite=None",
          "Secure": true,
          "HttpOnly": true,
          "SameSite": true,
          "status": "PASS"
        }
      ]
    },
    "information_disclosure_headers": {
      "status": "OK",
      "findings": [
        {
          "header": "Server",
          "status": "WARN",
          "details": "cloudflare"
        },
        {
          "header": "X-Powered-By",
          "status": "PASS",
          "details": "Not present"
        },
        {
          "header": "X-AspNet-Version",
          "status": "PASS",
          "details": "Not present"
        },
        {
          "header": "X-AspNetMvc-Version",
          "status": "PASS",
          "details": "Not present"
        }
      ]
    },
    "sensitive_path_accessibility": {
      "status": "OK",
      "findings": [
        {
          "path": "/.env",
          "status": "PASS",
          "http_status": 404,
          "details": "Not directly exposed / not accessible"
        },
        {
          "path": "/.git/",
          "status": "PASS",
          "http_status": 404,
          "details": "Not directly exposed / not accessible"
        },
        {
          "path": "/admin",
          "status": "WARN",
          "http_status": 200,
          "details": "Accessible (review content exposure)"
        },
        {
          "path": "/login",
          "status": "WARN",
          "http_status": 200,
          "details": "Accessible (review content exposure)"
        },
        {
          "path": "/phpinfo.php",
          "status": "PASS",
          "http_status": 404,
          "details": "Not directly exposed / not accessible"
        },
        {
          "path": "/robots.txt",
          "status": "PASS",
          "http_status": 200,
          "details": "Not directly exposed / not accessible"
        },
        {
          "path": "/sitemap.xml",
          "status": "PASS",
          "http_status": 404,
          "details": "Not directly exposed / not accessible"
        }
      ]
    },
    "http_methods_enumeration": {
      "status": "PASS",
      "allowed": [],
      "risky": [],
      "details": "No risky methods detected (from Allow header)"
    },
    "directory_listing_detection": {
      "status": "OK",
      "findings": [
        {
          "path": "/uploads/",
          "status": "PASS",
          "http_status": 404,
          "details": "No directory listing detected"
        },
        {
          "path": "/backup/",
          "status": "PASS",
          "http_status": 404,
          "details": "No directory listing detected"
        },
        {
          "path": "/logs/",
          "status": "PASS",
          "http_status": 404,
          "details": "No directory listing detected"
        },
        {
          "path": "/images/",
          "status": "PASS",
          "http_status": 404,
          "details": "No directory listing detected"
        }
      ]
    },
    "basic_reflected_input_check": {
      "status": "WARN",
      "test_url": "https://www.linkedin.com/feed/?audit=websec_audit_test_12345",
      "details": "Input reflected in response (review encoding/escaping)"
    },
    "tls_certificate_check": {
      "status": "PASS",
      "notAfter": "Feb 28 23:59:59 2026 GMT",
      "subject": [
        [
          [
            "countryName",
            "US"
          ]
        ],
        [
          [
            "stateOrProvinceName",
            "California"
          ]
        ],
        [
          [
            "localityName",
            "Sunnyvale"
          ]
        ],
        [
          [
            "organizationName",
            "LinkedIn Corporation"
          ]
        ],
        [
          [
            "commonName",
            "www.linkedin.com"
          ]
        ]
      ],
      "issuer": [
        [
          [
            "countryName",
            "US"
          ]
        ],
        [
          [
            "organizationName",
            "DigiCert Inc"
          ]
        ],
        [
          [
            "commonName",
            "DigiCert SHA2 Secure Server CA"
          ]
        ]
      ]
    }
  },
  "score": {
    "value": 69,
    "rating": "Fair",
    "deductions": [
      {
        "points": 4,
        "reason": "Missing security header: Referrer-Policy"
      },
      {
        "points": 4,
        "reason": "Missing security header: Permissions-Policy"
      },
      {
        "points": 3,
        "reason": "Cookie missing recommended flags (Secure/HttpOnly/SameSite)"
      },
      {
        "points": 2,
        "reason": "Information disclosure header present: Server"
      },
      {
        "points": 5,
        "reason": "Sensitive path accessible: /admin"
      },
      {
        "points": 5,
        "reason": "Sensitive path accessible: /login"
      },
      {
        "points": 8,
        "reason": "Reflected input detected (potential input handling weakness)"
      }
    ]
  }
}