{
  "meta": {
    "generated_at_utc": "2025-12-26T00:29:13.795707Z",
    "tool": "WebSecAuditDashboard",
    "version": "1.0"
  },
  "target": {
    "input_url": "https://www.xhamstercom/",
    "host": "www.xhamstercom",
    "domain": "www.xhamstercom"
  },
  "checks": {
    "security_headers_audit": {
      "status": "ERROR",
      "error": "HTTPSConnectionPool(host='www.xhamstercom', port=443): Max retries exceeded with url: / (Caused by NameResolutionError(\"<urllib3.connection.HTTPSConnection object at 0x000001DAD330D9D0>: Failed to resolve 'www.xhamstercom' ([Errno 11001] getaddrinfo failed)\"))",
      "findings": []
    },
    "https_redirect_and_hsts": {
      "http_to_https_redirect": {
        "status": "ERROR",
        "details": "HTTPConnectionPool(host='www.xhamstercom', port=80): Max retries exceeded with url: / (Caused by NameResolutionError(\"<urllib3.connection.HTTPConnection object at 0x000001DAD33480D0>: Failed to resolve 'www.xhamstercom' ([Errno 11001] getaddrinfo failed)\"))"
      },
      "hsts": {
        "status": "ERROR",
        "details": "HTTPSConnectionPool(host='www.xhamstercom', port=443): Max retries exceeded with url: / (Caused by NameResolutionError(\"<urllib3.connection.HTTPSConnection object at 0x000001DAD3349F50>: Failed to resolve 'www.xhamstercom' ([Errno 11001] getaddrinfo failed)\"))"
      }
    },
    "cookie_flag_analysis": {
      "status": "ERROR",
      "error": "HTTPSConnectionPool(host='www.xhamstercom', port=443): Max retries exceeded with url: / (Caused by NameResolutionError(\"<urllib3.connection.HTTPSConnection object at 0x000001DAD34E3610>: Failed to resolve 'www.xhamstercom' ([Errno 11001] getaddrinfo failed)\"))",
      "findings": []
    },
    "information_disclosure_headers": {
      "status": "ERROR",
      "error": "HTTPSConnectionPool(host='www.xhamstercom', port=443): Max retries exceeded with url: / (Caused by NameResolutionError(\"<urllib3.connection.HTTPSConnection object at 0x000001DAD330E850>: Failed to resolve 'www.xhamstercom' ([Errno 11001] getaddrinfo failed)\"))",
      "findings": []
    },
    "sensitive_path_accessibility": {
      "status": "OK",
      "findings": [
        {
          "path": "/.env",
          "status": "ERROR",
          "details": "HTTPSConnectionPool(host='www.xhamstercom', port=443): Max retries exceeded with url: /.env (Caused by NameResolutionError(\"<urllib3.connection.HTTPSConnection object at 0x000001DAD09950D0>: Failed to resolve 'www.xhamstercom' ([Errno 11001] getaddrinfo failed)\"))"
        },
        {
          "path": "/.git/",
          "status": "ERROR",
          "details": "HTTPSConnectionPool(host='www.xhamstercom', port=443): Max retries exceeded with url: /.git/ (Caused by NameResolutionError(\"<urllib3.connection.HTTPSConnection object at 0x000001DAD3349310>: Failed to resolve 'www.xhamstercom' ([Errno 11001] getaddrinfo failed)\"))"
        },
        {
          "path": "/admin",
          "status": "ERROR",
          "details": "HTTPSConnectionPool(host='www.xhamstercom', port=443): Max retries exceeded with url: /admin (Caused by NameResolutionError(\"<urllib3.connection.HTTPSConnection object at 0x000001DAD334B8D0>: Failed to resolve 'www.xhamstercom' ([Errno 11001] getaddrinfo failed)\"))"
        },
        {
          "path": "/login",
          "status": "ERROR",
          "details": "HTTPSConnectionPool(host='www.xhamstercom', port=443): Max retries exceeded with url: /login (Caused by NameResolutionError(\"<urllib3.connection.HTTPSConnection object at 0x000001DAD3431650>: Failed to resolve 'www.xhamstercom' ([Errno 11001] getaddrinfo failed)\"))"
        },
        {
          "path": "/phpinfo.php",
          "status": "ERROR",
          "details": "HTTPSConnectionPool(host='www.xhamstercom', port=443): Max retries exceeded with url: /phpinfo.php (Caused by NameResolutionError(\"<urllib3.connection.HTTPSConnection object at 0x000001DAD3433510>: Failed to resolve 'www.xhamstercom' ([Errno 11001] getaddrinfo failed)\"))"
        },
        {
          "path": "/robots.txt",
          "status": "ERROR",
          "details": "HTTPSConnectionPool(host='www.xhamstercom', port=443): Max retries exceeded with url: /robots.txt (Caused by NameResolutionError(\"<urllib3.connection.HTTPSConnection object at 0x000001DAD01FA350>: Failed to resolve 'www.xhamstercom' ([Errno 11001] getaddrinfo failed)\"))"
        },
        {
          "path": "/sitemap.xml",
          "status": "ERROR",
          "details": "HTTPSConnectionPool(host='www.xhamstercom', port=443): Max retries exceeded with url: /sitemap.xml (Caused by NameResolutionError(\"<urllib3.connection.HTTPSConnection object at 0x000001DAD330FD50>: Failed to resolve 'www.xhamstercom' ([Errno 11001] getaddrinfo failed)\"))"
        }
      ]
    },
    "http_methods_enumeration": {
      "status": "ERROR",
      "error": "HTTPSConnectionPool(host='www.xhamstercom', port=443): Max retries exceeded with url: / (Caused by NameResolutionError(\"<urllib3.connection.HTTPSConnection object at 0x000001DAD334B910>: Failed to resolve 'www.xhamstercom' ([Errno 11001] getaddrinfo failed)\"))",
      "allowed": [],
      "risky": []
    },
    "directory_listing_detection": {
      "status": "OK",
      "findings": [
        {
          "path": "/uploads/",
          "status": "ERROR",
          "details": "HTTPSConnectionPool(host='www.xhamstercom', port=443): Max retries exceeded with url: /uploads/ (Caused by NameResolutionError(\"<urllib3.connection.HTTPSConnection object at 0x000001DAD334A410>: Failed to resolve 'www.xhamstercom' ([Errno 11001] getaddrinfo failed)\"))"
        },
        {
          "path": "/backup/",
          "status": "ERROR",
          "details": "HTTPSConnectionPool(host='www.xhamstercom', port=443): Max retries exceeded with url: /backup/ (Caused by NameResolutionError(\"<urllib3.connection.HTTPSConnection object at 0x000001DAD3431890>: Failed to resolve 'www.xhamstercom' ([Errno 11001] getaddrinfo failed)\"))"
        },
        {
          "path": "/logs/",
          "status": "ERROR",
          "details": "HTTPSConnectionPool(host='www.xhamstercom', port=443): Max retries exceeded with url: /logs/ (Caused by NameResolutionError(\"<urllib3.connection.HTTPSConnection object at 0x000001DAD34A4510>: Failed to resolve 'www.xhamstercom' ([Errno 11001] getaddrinfo failed)\"))"
        },
        {
          "path": "/images/",
          "status": "ERROR",
          "details": "HTTPSConnectionPool(host='www.xhamstercom', port=443): Max retries exceeded with url: /images/ (Caused by NameResolutionError(\"<urllib3.connection.HTTPSConnection object at 0x000001DAD3348250>: Failed to resolve 'www.xhamstercom' ([Errno 11001] getaddrinfo failed)\"))"
        }
      ]
    },
    "basic_reflected_input_check": {
      "status": "ERROR",
      "error": "HTTPSConnectionPool(host='www.xhamstercom', port=443): Max retries exceeded with url: /?audit=websec_audit_test_12345 (Caused by NameResolutionError(\"<urllib3.connection.HTTPSConnection object at 0x000001DAD334A350>: Failed to resolve 'www.xhamstercom' ([Errno 11001] getaddrinfo failed)\"))"
    },
    "tls_certificate_check": {
      "status": "ERROR",
      "error": "[Errno 11001] getaddrinfo failed"
    }
  },
  "score": {
    "value": 94,
    "rating": "Excellent",
    "deductions": [
      {
        "points": 6,
        "reason": "TLS certificate check failed (HTTPS issue or handshake error)"
      }
    ]
  }
}