{
  "meta": {
    "generated_at_utc": "2025-12-26T00:28:45.411469Z",
    "tool": "WebSecAuditDashboard",
    "version": "1.0"
  },
  "target": {
    "input_url": "https://www.pornhub.com/",
    "host": "www.pornhub.com",
    "domain": "pornhub.com"
  },
  "checks": {
    "security_headers_audit": {
      "status": "ERROR",
      "error": "HTTPSConnectionPool(host='www.pornhub.com', port=443): Max retries exceeded with url: / (Caused by NameResolutionError(\"<urllib3.connection.HTTPSConnection object at 0x000001DAD32EAD10>: Failed to resolve 'www.pornhub.com' ([Errno 11001] getaddrinfo failed)\"))",
      "findings": []
    },
    "https_redirect_and_hsts": {
      "http_to_https_redirect": {
        "status": "ERROR",
        "details": "HTTPConnectionPool(host='www.pornhub.com', port=80): Max retries exceeded with url: / (Caused by NameResolutionError(\"<urllib3.connection.HTTPConnection object at 0x000001DAD3368AD0>: Failed to resolve 'www.pornhub.com' ([Errno 11001] getaddrinfo failed)\"))"
      },
      "hsts": {
        "status": "ERROR",
        "details": "HTTPSConnectionPool(host='www.pornhub.com', port=443): Max retries exceeded with url: / (Caused by NameResolutionError(\"<urllib3.connection.HTTPSConnection object at 0x000001DAD330C890>: Failed to resolve 'www.pornhub.com' ([Errno 11001] getaddrinfo failed)\"))"
      }
    },
    "cookie_flag_analysis": {
      "status": "ERROR",
      "error": "HTTPSConnectionPool(host='www.pornhub.com', port=443): Max retries exceeded with url: / (Caused by NameResolutionError(\"<urllib3.connection.HTTPSConnection object at 0x000001DAD32FF850>: Failed to resolve 'www.pornhub.com' ([Errno 11001] getaddrinfo failed)\"))",
      "findings": []
    },
    "information_disclosure_headers": {
      "status": "ERROR",
      "error": "HTTPSConnectionPool(host='www.pornhub.com', port=443): Max retries exceeded with url: / (Caused by NameResolutionError(\"<urllib3.connection.HTTPSConnection object at 0x000001DAD32FF8D0>: Failed to resolve 'www.pornhub.com' ([Errno 11001] getaddrinfo failed)\"))",
      "findings": []
    },
    "sensitive_path_accessibility": {
      "status": "OK",
      "findings": [
        {
          "path": "/.env",
          "status": "ERROR",
          "details": "HTTPSConnectionPool(host='www.pornhub.com', port=443): Max retries exceeded with url: /.env (Caused by NameResolutionError(\"<urllib3.connection.HTTPSConnection object at 0x000001DAD336BFD0>: Failed to resolve 'www.pornhub.com' ([Errno 11001] getaddrinfo failed)\"))"
        },
        {
          "path": "/.git/",
          "status": "ERROR",
          "details": "HTTPSConnectionPool(host='www.pornhub.com', port=443): Max retries exceeded with url: /.git/ (Caused by NameResolutionError(\"<urllib3.connection.HTTPSConnection object at 0x000001DAD336A7D0>: Failed to resolve 'www.pornhub.com' ([Errno 11001] getaddrinfo failed)\"))"
        },
        {
          "path": "/admin",
          "status": "ERROR",
          "details": "HTTPSConnectionPool(host='www.pornhub.com', port=443): Max retries exceeded with url: /admin (Caused by NameResolutionError(\"<urllib3.connection.HTTPSConnection object at 0x000001DAD330E4D0>: Failed to resolve 'www.pornhub.com' ([Errno 11001] getaddrinfo failed)\"))"
        },
        {
          "path": "/login",
          "status": "ERROR",
          "details": "HTTPSConnectionPool(host='www.pornhub.com', port=443): Max retries exceeded with url: /login (Caused by NameResolutionError(\"<urllib3.connection.HTTPSConnection object at 0x000001DAD34E0490>: Failed to resolve 'www.pornhub.com' ([Errno 11001] getaddrinfo failed)\"))"
        },
        {
          "path": "/phpinfo.php",
          "status": "ERROR",
          "details": "HTTPSConnectionPool(host='www.pornhub.com', port=443): Max retries exceeded with url: /phpinfo.php (Caused by NameResolutionError(\"<urllib3.connection.HTTPSConnection object at 0x000001DAD34E0510>: Failed to resolve 'www.pornhub.com' ([Errno 11001] getaddrinfo failed)\"))"
        },
        {
          "path": "/robots.txt",
          "status": "ERROR",
          "details": "HTTPSConnectionPool(host='www.pornhub.com', port=443): Max retries exceeded with url: /robots.txt (Caused by NameResolutionError(\"<urllib3.connection.HTTPSConnection object at 0x000001DAD34E25D0>: Failed to resolve 'www.pornhub.com' ([Errno 11001] getaddrinfo failed)\"))"
        },
        {
          "path": "/sitemap.xml",
          "status": "ERROR",
          "details": "HTTPSConnectionPool(host='www.pornhub.com', port=443): Max retries exceeded with url: /sitemap.xml (Caused by NameResolutionError(\"<urllib3.connection.HTTPSConnection object at 0x000001DAD32EAD10>: Failed to resolve 'www.pornhub.com' ([Errno 11001] getaddrinfo failed)\"))"
        }
      ]
    },
    "http_methods_enumeration": {
      "status": "ERROR",
      "error": "HTTPSConnectionPool(host='www.pornhub.com', port=443): Max retries exceeded with url: / (Caused by NameResolutionError(\"<urllib3.connection.HTTPSConnection object at 0x000001DAD336BB50>: Failed to resolve 'www.pornhub.com' ([Errno 11001] getaddrinfo failed)\"))",
      "allowed": [],
      "risky": []
    },
    "directory_listing_detection": {
      "status": "OK",
      "findings": [
        {
          "path": "/uploads/",
          "status": "ERROR",
          "details": "HTTPSConnectionPool(host='www.pornhub.com', port=443): Max retries exceeded with url: /uploads/ (Caused by NameResolutionError(\"<urllib3.connection.HTTPSConnection object at 0x000001DAD330DF90>: Failed to resolve 'www.pornhub.com' ([Errno 11001] getaddrinfo failed)\"))"
        },
        {
          "path": "/backup/",
          "status": "ERROR",
          "details": "HTTPSConnectionPool(host='www.pornhub.com', port=443): Max retries exceeded with url: /backup/ (Caused by NameResolutionError(\"<urllib3.connection.HTTPSConnection object at 0x000001DAD32FCDD0>: Failed to resolve 'www.pornhub.com' ([Errno 11001] getaddrinfo failed)\"))"
        },
        {
          "path": "/logs/",
          "status": "ERROR",
          "details": "HTTPSConnectionPool(host='www.pornhub.com', port=443): Max retries exceeded with url: /logs/ (Caused by NameResolutionError(\"<urllib3.connection.HTTPSConnection object at 0x000001DAD32FE750>: Failed to resolve 'www.pornhub.com' ([Errno 11001] getaddrinfo failed)\"))"
        },
        {
          "path": "/images/",
          "status": "ERROR",
          "details": "HTTPSConnectionPool(host='www.pornhub.com', port=443): Max retries exceeded with url: /images/ (Caused by NameResolutionError(\"<urllib3.connection.HTTPSConnection object at 0x000001DAD34E3310>: Failed to resolve 'www.pornhub.com' ([Errno 11001] getaddrinfo failed)\"))"
        }
      ]
    },
    "basic_reflected_input_check": {
      "status": "ERROR",
      "error": "HTTPSConnectionPool(host='www.pornhub.com', port=443): Max retries exceeded with url: /?audit=websec_audit_test_12345 (Caused by NameResolutionError(\"<urllib3.connection.HTTPSConnection object at 0x000001DAD02DD350>: Failed to resolve 'www.pornhub.com' ([Errno 11001] getaddrinfo failed)\"))"
    },
    "tls_certificate_check": {
      "status": "ERROR",
      "error": "[Errno 11001] getaddrinfo failed"
    }
  },
  "score": {
    "value": 94,
    "rating": "Excellent",
    "deductions": [
      {
        "points": 6,
        "reason": "TLS certificate check failed (HTTPS issue or handshake error)"
      }
    ]
  }
}