{
  "meta": {
    "generated_at_utc": "2025-12-26T00:37:54.557889Z",
    "tool": "WebSecAuditDashboard",
    "version": "1.0"
  },
  "target": {
    "input_url": "http://127.0.0.1:5000/",
    "host": "127.0.0.1",
    "domain": "127.0.0.1"
  },
  "checks": {
    "security_headers_audit": {
      "status": "OK",
      "findings": [
        {
          "header": "Strict-Transport-Security",
          "status": "FAIL",
          "details": "Missing"
        },
        {
          "header": "Content-Security-Policy",
          "status": "FAIL",
          "details": "Missing"
        },
        {
          "header": "X-Frame-Options",
          "status": "FAIL",
          "details": "Missing"
        },
        {
          "header": "X-Content-Type-Options",
          "status": "FAIL",
          "details": "Missing"
        },
        {
          "header": "Referrer-Policy",
          "status": "FAIL",
          "details": "Missing"
        },
        {
          "header": "Permissions-Policy",
          "status": "FAIL",
          "details": "Missing"
        }
      ],
      "final_url": "http://127.0.0.1:5000/"
    },
    "https_redirect_and_hsts": {
      "http_to_https_redirect": {
        "status": "ERROR",
        "details": "HTTPConnectionPool(host='127.0.0.1', port=80): Max retries exceeded with url: / (Caused by NewConnectionError('<urllib3.connection.HTTPConnection object at 0x000001DAD3432710>: Failed to establish a new connection: [WinError 10061] No connection could be made because the target machine actively refused it'))"
      },
      "hsts": {
        "status": "ERROR",
        "details": "HTTPSConnectionPool(host='127.0.0.1', port=443): Max retries exceeded with url: / (Caused by NewConnectionError('<urllib3.connection.HTTPSConnection object at 0x000001DAD33D6910>: Failed to establish a new connection: [WinError 10061] No connection could be made because the target machine actively refused it'))"
      }
    },
    "cookie_flag_analysis": {
      "status": "OK",
      "cookies_found": false,
      "findings": [
        {
          "status": "WARN",
          "details": "No Set-Cookie header found"
        }
      ]
    },
    "information_disclosure_headers": {
      "status": "OK",
      "findings": [
        {
          "header": "Server",
          "status": "WARN",
          "details": "Werkzeug/3.1.3 Python/3.11.9"
        },
        {
          "header": "X-Powered-By",
          "status": "PASS",
          "details": "Not present"
        },
        {
          "header": "X-AspNet-Version",
          "status": "PASS",
          "details": "Not present"
        },
        {
          "header": "X-AspNetMvc-Version",
          "status": "PASS",
          "details": "Not present"
        }
      ]
    },
    "sensitive_path_accessibility": {
      "status": "OK",
      "findings": [
        {
          "path": "/.env",
          "status": "PASS",
          "http_status": 404,
          "details": "Not directly exposed / not accessible"
        },
        {
          "path": "/.git/",
          "status": "PASS",
          "http_status": 404,
          "details": "Not directly exposed / not accessible"
        },
        {
          "path": "/admin",
          "status": "PASS",
          "http_status": 404,
          "details": "Not directly exposed / not accessible"
        },
        {
          "path": "/login",
          "status": "PASS",
          "http_status": 404,
          "details": "Not directly exposed / not accessible"
        },
        {
          "path": "/phpinfo.php",
          "status": "PASS",
          "http_status": 404,
          "details": "Not directly exposed / not accessible"
        },
        {
          "path": "/robots.txt",
          "status": "PASS",
          "http_status": 404,
          "details": "Not directly exposed / not accessible"
        },
        {
          "path": "/sitemap.xml",
          "status": "PASS",
          "http_status": 404,
          "details": "Not directly exposed / not accessible"
        }
      ]
    },
    "http_methods_enumeration": {
      "status": "PASS",
      "allowed": [
        "HEAD",
        "GET",
        "OPTIONS"
      ],
      "risky": [],
      "details": "No risky methods detected (from Allow header)"
    },
    "directory_listing_detection": {
      "status": "OK",
      "findings": [
        {
          "path": "/uploads/",
          "status": "PASS",
          "http_status": 404,
          "details": "No directory listing detected"
        },
        {
          "path": "/backup/",
          "status": "PASS",
          "http_status": 404,
          "details": "No directory listing detected"
        },
        {
          "path": "/logs/",
          "status": "PASS",
          "http_status": 404,
          "details": "No directory listing detected"
        },
        {
          "path": "/images/",
          "status": "PASS",
          "http_status": 404,
          "details": "No directory listing detected"
        }
      ]
    },
    "basic_reflected_input_check": {
      "status": "PASS",
      "test_url": "http://127.0.0.1:5000/?audit=websec_audit_test_12345",
      "details": "No reflection detected"
    },
    "tls_certificate_check": {
      "status": "WARN",
      "details": "URL is not HTTPS; TLS check skipped"
    }
  },
  "score": {
    "value": 71,
    "rating": "Fair",
    "deductions": [
      {
        "points": 4,
        "reason": "Missing security header: Strict-Transport-Security"
      },
      {
        "points": 4,
        "reason": "Missing security header: Content-Security-Policy"
      },
      {
        "points": 4,
        "reason": "Missing security header: X-Frame-Options"
      },
      {
        "points": 4,
        "reason": "Missing security header: X-Content-Type-Options"
      },
      {
        "points": 4,
        "reason": "Missing security header: Referrer-Policy"
      },
      {
        "points": 4,
        "reason": "Missing security header: Permissions-Policy"
      },
      {
        "points": 3,
        "reason": "Cookie missing recommended flags (Secure/HttpOnly/SameSite)"
      },
      {
        "points": 2,
        "reason": "Information disclosure header present: Server"
      }
    ]
  }
}