{
  "meta": {
    "generated_at_utc": "2025-12-26T00:36:35.032168Z",
    "tool": "WebSecAuditDashboard",
    "version": "1.0"
  },
  "target": {
    "input_url": "https://ttinit.com/",
    "host": "ttinit.com",
    "domain": "ttinit.com"
  },
  "checks": {
    "security_headers_audit": {
      "status": "OK",
      "findings": [
        {
          "header": "Strict-Transport-Security",
          "status": "PASS",
          "details": "max-age=63072000"
        },
        {
          "header": "Content-Security-Policy",
          "status": "FAIL",
          "details": "Missing"
        },
        {
          "header": "X-Frame-Options",
          "status": "FAIL",
          "details": "Missing"
        },
        {
          "header": "X-Content-Type-Options",
          "status": "FAIL",
          "details": "Missing"
        },
        {
          "header": "Referrer-Policy",
          "status": "FAIL",
          "details": "Missing"
        },
        {
          "header": "Permissions-Policy",
          "status": "FAIL",
          "details": "Missing"
        }
      ],
      "final_url": "https://ttinit.com/"
    },
    "https_redirect_and_hsts": {
      "http_to_https_redirect": {
        "status": "PASS",
        "details": "Redirects to https://ttinit.com/"
      },
      "hsts": {
        "status": "PASS",
        "details": "max-age=63072000"
      }
    },
    "cookie_flag_analysis": {
      "status": "OK",
      "cookies_found": false,
      "findings": [
        {
          "status": "WARN",
          "details": "No Set-Cookie header found"
        }
      ]
    },
    "information_disclosure_headers": {
      "status": "OK",
      "findings": [
        {
          "header": "Server",
          "status": "WARN",
          "details": "Vercel"
        },
        {
          "header": "X-Powered-By",
          "status": "PASS",
          "details": "Not present"
        },
        {
          "header": "X-AspNet-Version",
          "status": "PASS",
          "details": "Not present"
        },
        {
          "header": "X-AspNetMvc-Version",
          "status": "PASS",
          "details": "Not present"
        }
      ]
    },
    "sensitive_path_accessibility": {
      "status": "OK",
      "findings": [
        {
          "path": "/.env",
          "status": "PASS",
          "http_status": 404,
          "details": "Not directly exposed / not accessible"
        },
        {
          "path": "/.git/",
          "status": "PASS",
          "http_status": 404,
          "details": "Not directly exposed / not accessible"
        },
        {
          "path": "/admin",
          "status": "PASS",
          "http_status": 404,
          "details": "Not directly exposed / not accessible"
        },
        {
          "path": "/login",
          "status": "PASS",
          "http_status": 404,
          "details": "Not directly exposed / not accessible"
        },
        {
          "path": "/phpinfo.php",
          "status": "PASS",
          "http_status": 403,
          "details": "Not directly exposed / not accessible"
        },
        {
          "path": "/robots.txt",
          "status": "PASS",
          "http_status": 200,
          "details": "Not directly exposed / not accessible"
        },
        {
          "path": "/sitemap.xml",
          "status": "PASS",
          "http_status": 200,
          "details": "Not directly exposed / not accessible"
        }
      ]
    },
    "http_methods_enumeration": {
      "status": "PASS",
      "allowed": [],
      "risky": [],
      "details": "No risky methods detected (from Allow header)"
    },
    "directory_listing_detection": {
      "status": "OK",
      "findings": [
        {
          "path": "/uploads/",
          "status": "PASS",
          "http_status": 403,
          "details": "No directory listing detected"
        },
        {
          "path": "/backup/",
          "status": "PASS",
          "http_status": 403,
          "details": "No directory listing detected"
        },
        {
          "path": "/logs/",
          "status": "PASS",
          "http_status": 403,
          "details": "No directory listing detected"
        },
        {
          "path": "/images/",
          "status": "PASS",
          "http_status": 403,
          "details": "No directory listing detected"
        }
      ]
    },
    "basic_reflected_input_check": {
      "status": "PASS",
      "test_url": "https://ttinit.com/?audit=websec_audit_test_12345",
      "details": "No reflection detected"
    },
    "tls_certificate_check": {
      "status": "PASS",
      "notAfter": "Mar  8 01:51:51 2026 GMT",
      "subject": [
        [
          [
            "commonName",
            "ttinit.com"
          ]
        ]
      ],
      "issuer": [
        [
          [
            "countryName",
            "US"
          ]
        ],
        [
          [
            "organizationName",
            "Let's Encrypt"
          ]
        ],
        [
          [
            "commonName",
            "R13"
          ]
        ]
      ]
    }
  },
  "score": {
    "value": 75,
    "rating": "Good",
    "deductions": [
      {
        "points": 4,
        "reason": "Missing security header: Content-Security-Policy"
      },
      {
        "points": 4,
        "reason": "Missing security header: X-Frame-Options"
      },
      {
        "points": 4,
        "reason": "Missing security header: X-Content-Type-Options"
      },
      {
        "points": 4,
        "reason": "Missing security header: Referrer-Policy"
      },
      {
        "points": 4,
        "reason": "Missing security header: Permissions-Policy"
      },
      {
        "points": 3,
        "reason": "Cookie missing recommended flags (Secure/HttpOnly/SameSite)"
      },
      {
        "points": 2,
        "reason": "Information disclosure header present: Server"
      }
    ]
  }
}