{
  "meta": {
    "generated_at_utc": "2025-12-26T00:29:21.791707Z",
    "tool": "WebSecAuditDashboard",
    "version": "1.0"
  },
  "target": {
    "input_url": "https://www.xhamster.com/",
    "host": "www.xhamster.com",
    "domain": "xhamster.com"
  },
  "checks": {
    "security_headers_audit": {
      "status": "ERROR",
      "error": "HTTPSConnectionPool(host='www.xhamster.com', port=443): Max retries exceeded with url: / (Caused by NameResolutionError(\"<urllib3.connection.HTTPSConnection object at 0x000001DAD330F910>: Failed to resolve 'www.xhamster.com' ([Errno 11001] getaddrinfo failed)\"))",
      "findings": []
    },
    "https_redirect_and_hsts": {
      "http_to_https_redirect": {
        "status": "ERROR",
        "details": "HTTPConnectionPool(host='www.xhamster.com', port=80): Max retries exceeded with url: / (Caused by NameResolutionError(\"<urllib3.connection.HTTPConnection object at 0x000001DAD3432310>: Failed to resolve 'www.xhamster.com' ([Errno 11001] getaddrinfo failed)\"))"
      },
      "hsts": {
        "status": "ERROR",
        "details": "HTTPSConnectionPool(host='www.xhamster.com', port=443): Max retries exceeded with url: / (Caused by NameResolutionError(\"<urllib3.connection.HTTPSConnection object at 0x000001DAD34A4D10>: Failed to resolve 'www.xhamster.com' ([Errno 11001] getaddrinfo failed)\"))"
      }
    },
    "cookie_flag_analysis": {
      "status": "ERROR",
      "error": "HTTPSConnectionPool(host='www.xhamster.com', port=443): Max retries exceeded with url: / (Caused by NameResolutionError(\"<urllib3.connection.HTTPSConnection object at 0x000001DAD330F310>: Failed to resolve 'www.xhamster.com' ([Errno 11001] getaddrinfo failed)\"))",
      "findings": []
    },
    "information_disclosure_headers": {
      "status": "ERROR",
      "error": "HTTPSConnectionPool(host='www.xhamster.com', port=443): Max retries exceeded with url: / (Caused by NameResolutionError(\"<urllib3.connection.HTTPSConnection object at 0x000001DAD32EBD10>: Failed to resolve 'www.xhamster.com' ([Errno 11001] getaddrinfo failed)\"))",
      "findings": []
    },
    "sensitive_path_accessibility": {
      "status": "OK",
      "findings": [
        {
          "path": "/.env",
          "status": "ERROR",
          "details": "HTTPSConnectionPool(host='www.xhamster.com', port=443): Max retries exceeded with url: /.env (Caused by NameResolutionError(\"<urllib3.connection.HTTPSConnection object at 0x000001DAD330EC90>: Failed to resolve 'www.xhamster.com' ([Errno 11001] getaddrinfo failed)\"))"
        },
        {
          "path": "/.git/",
          "status": "ERROR",
          "details": "HTTPSConnectionPool(host='www.xhamster.com', port=443): Max retries exceeded with url: /.git/ (Caused by NameResolutionError(\"<urllib3.connection.HTTPSConnection object at 0x000001DAD334B450>: Failed to resolve 'www.xhamster.com' ([Errno 11001] getaddrinfo failed)\"))"
        },
        {
          "path": "/admin",
          "status": "ERROR",
          "details": "HTTPSConnectionPool(host='www.xhamster.com', port=443): Max retries exceeded with url: /admin (Caused by NameResolutionError(\"<urllib3.connection.HTTPSConnection object at 0x000001DAD0997950>: Failed to resolve 'www.xhamster.com' ([Errno 11001] getaddrinfo failed)\"))"
        },
        {
          "path": "/login",
          "status": "ERROR",
          "details": "HTTPSConnectionPool(host='www.xhamster.com', port=443): Max retries exceeded with url: /login (Caused by NameResolutionError(\"<urllib3.connection.HTTPSConnection object at 0x000001DAD3430450>: Failed to resolve 'www.xhamster.com' ([Errno 11001] getaddrinfo failed)\"))"
        },
        {
          "path": "/phpinfo.php",
          "status": "ERROR",
          "details": "HTTPSConnectionPool(host='www.xhamster.com', port=443): Max retries exceeded with url: /phpinfo.php (Caused by NameResolutionError(\"<urllib3.connection.HTTPSConnection object at 0x000001DAD3431AD0>: Failed to resolve 'www.xhamster.com' ([Errno 11001] getaddrinfo failed)\"))"
        },
        {
          "path": "/robots.txt",
          "status": "ERROR",
          "details": "HTTPSConnectionPool(host='www.xhamster.com', port=443): Max retries exceeded with url: /robots.txt (Caused by NameResolutionError(\"<urllib3.connection.HTTPSConnection object at 0x000001DAD3431F90>: Failed to resolve 'www.xhamster.com' ([Errno 11001] getaddrinfo failed)\"))"
        },
        {
          "path": "/sitemap.xml",
          "status": "ERROR",
          "details": "HTTPSConnectionPool(host='www.xhamster.com', port=443): Max retries exceeded with url: /sitemap.xml (Caused by NameResolutionError(\"<urllib3.connection.HTTPSConnection object at 0x000001DAD336B410>: Failed to resolve 'www.xhamster.com' ([Errno 11001] getaddrinfo failed)\"))"
        }
      ]
    },
    "http_methods_enumeration": {
      "status": "ERROR",
      "error": "HTTPSConnectionPool(host='www.xhamster.com', port=443): Max retries exceeded with url: / (Caused by NameResolutionError(\"<urllib3.connection.HTTPSConnection object at 0x000001DAD330D750>: Failed to resolve 'www.xhamster.com' ([Errno 11001] getaddrinfo failed)\"))",
      "allowed": [],
      "risky": []
    },
    "directory_listing_detection": {
      "status": "OK",
      "findings": [
        {
          "path": "/uploads/",
          "status": "ERROR",
          "details": "HTTPSConnectionPool(host='www.xhamster.com', port=443): Max retries exceeded with url: /uploads/ (Caused by NameResolutionError(\"<urllib3.connection.HTTPSConnection object at 0x000001DAD0995C90>: Failed to resolve 'www.xhamster.com' ([Errno 11001] getaddrinfo failed)\"))"
        },
        {
          "path": "/backup/",
          "status": "ERROR",
          "details": "HTTPSConnectionPool(host='www.xhamster.com', port=443): Max retries exceeded with url: /backup/ (Caused by NameResolutionError(\"<urllib3.connection.HTTPSConnection object at 0x000001DAD32D3950>: Failed to resolve 'www.xhamster.com' ([Errno 11001] getaddrinfo failed)\"))"
        },
        {
          "path": "/logs/",
          "status": "ERROR",
          "details": "HTTPSConnectionPool(host='www.xhamster.com', port=443): Max retries exceeded with url: /logs/ (Caused by NameResolutionError(\"<urllib3.connection.HTTPSConnection object at 0x000001DAD3369710>: Failed to resolve 'www.xhamster.com' ([Errno 11001] getaddrinfo failed)\"))"
        },
        {
          "path": "/images/",
          "status": "ERROR",
          "details": "HTTPSConnectionPool(host='www.xhamster.com', port=443): Max retries exceeded with url: /images/ (Caused by NameResolutionError(\"<urllib3.connection.HTTPSConnection object at 0x000001DAD330C5D0>: Failed to resolve 'www.xhamster.com' ([Errno 11001] getaddrinfo failed)\"))"
        }
      ]
    },
    "basic_reflected_input_check": {
      "status": "ERROR",
      "error": "HTTPSConnectionPool(host='www.xhamster.com', port=443): Max retries exceeded with url: /?audit=websec_audit_test_12345 (Caused by NameResolutionError(\"<urllib3.connection.HTTPSConnection object at 0x000001DAD330F890>: Failed to resolve 'www.xhamster.com' ([Errno 11001] getaddrinfo failed)\"))"
    },
    "tls_certificate_check": {
      "status": "ERROR",
      "error": "[Errno 11001] getaddrinfo failed"
    }
  },
  "score": {
    "value": 94,
    "rating": "Excellent",
    "deductions": [
      {
        "points": 6,
        "reason": "TLS certificate check failed (HTTPS issue or handshake error)"
      }
    ]
  }
}