{
  "meta": {
    "generated_at_utc": "2025-12-25T23:52:45.910522Z",
    "tool": "WebSecAuditDashboard",
    "version": "1.0"
  },
  "target": {
    "input_url": "https://www.upwork.com/nx/find-work/best-matches",
    "host": "www.upwork.com",
    "domain": "upwork.com"
  },
  "checks": {
    "security_headers_audit": {
      "status": "OK",
      "findings": [
        {
          "header": "Strict-Transport-Security",
          "status": "PASS",
          "details": "max-age=31536000; includeSubDomains; preload"
        },
        {
          "header": "Content-Security-Policy",
          "status": "FAIL",
          "details": "Missing"
        },
        {
          "header": "X-Frame-Options",
          "status": "PASS",
          "details": "SAMEORIGIN"
        },
        {
          "header": "X-Content-Type-Options",
          "status": "PASS",
          "details": "nosniff"
        },
        {
          "header": "Referrer-Policy",
          "status": "PASS",
          "details": "same-origin"
        },
        {
          "header": "Permissions-Policy",
          "status": "PASS",
          "details": "accelerometer=(),browsing-topics=(),camera=(),clipboard-read=(),clipboard-write=(),geolocation=(),gyroscope=(),hid=(),interest-cohort=(),magnetometer=(),microphone=(),payment=(),publickey-credentials-get=(),screen-wake-lock=(),serial=(),sync-xhr=(),usb=()"
        }
      ],
      "final_url": "https://www.upwork.com/nx/find-work/best-matches"
    },
    "https_redirect_and_hsts": {
      "http_to_https_redirect": {
        "status": "PASS",
        "details": "Redirects to https://www.upwork.com/nx/find-work/best-matches"
      },
      "hsts": {
        "status": "PASS",
        "details": "max-age=31536000; includeSubDomains; preload"
      }
    },
    "cookie_flag_analysis": {
      "status": "OK",
      "cookies_found": true,
      "findings": [
        {
          "cookie": "__cf_bm=SdxAnKeKpza4WCcxSO9dKV8YbLKWlXK_ZzS.0lFWnC0-1766706765-1.0.1.1-Ro54c0KjEWYRk5IRr5wwRRP9nVWrHnx1eNKKvRSK39swp1prI5xhw.6d3fRUD4HIUVlnGVNxYSLd1h6nfLBtghvQ7U3ecwZxZiFPRcvVa2o; path=/; expires=Fri, 26-Dec-25 00:22:45 GMT; domain=.upwork.com; HttpOnly; Secure; SameSite=None",
          "Secure": true,
          "HttpOnly": true,
          "SameSite": true,
          "status": "PASS"
        }
      ]
    },
    "information_disclosure_headers": {
      "status": "OK",
      "findings": [
        {
          "header": "Server",
          "status": "WARN",
          "details": "cloudflare"
        },
        {
          "header": "X-Powered-By",
          "status": "PASS",
          "details": "Not present"
        },
        {
          "header": "X-AspNet-Version",
          "status": "PASS",
          "details": "Not present"
        },
        {
          "header": "X-AspNetMvc-Version",
          "status": "PASS",
          "details": "Not present"
        }
      ]
    },
    "sensitive_path_accessibility": {
      "status": "OK",
      "findings": [
        {
          "path": "/.env",
          "status": "PASS",
          "http_status": 403,
          "details": "Not directly exposed / not accessible"
        },
        {
          "path": "/.git/",
          "status": "PASS",
          "http_status": 403,
          "details": "Not directly exposed / not accessible"
        },
        {
          "path": "/admin",
          "status": "PASS",
          "http_status": 403,
          "details": "Not directly exposed / not accessible"
        },
        {
          "path": "/login",
          "status": "PASS",
          "http_status": 403,
          "details": "Not directly exposed / not accessible"
        },
        {
          "path": "/phpinfo.php",
          "status": "PASS",
          "http_status": 403,
          "details": "Not directly exposed / not accessible"
        },
        {
          "path": "/robots.txt",
          "status": "PASS",
          "http_status": 403,
          "details": "Not directly exposed / not accessible"
        },
        {
          "path": "/sitemap.xml",
          "status": "PASS",
          "http_status": 403,
          "details": "Not directly exposed / not accessible"
        }
      ]
    },
    "http_methods_enumeration": {
      "status": "PASS",
      "allowed": [],
      "risky": [],
      "details": "No risky methods detected (from Allow header)"
    },
    "directory_listing_detection": {
      "status": "OK",
      "findings": [
        {
          "path": "/uploads/",
          "status": "PASS",
          "http_status": 403,
          "details": "No directory listing detected"
        },
        {
          "path": "/backup/",
          "status": "PASS",
          "http_status": 403,
          "details": "No directory listing detected"
        },
        {
          "path": "/logs/",
          "status": "PASS",
          "http_status": 403,
          "details": "No directory listing detected"
        },
        {
          "path": "/images/",
          "status": "PASS",
          "http_status": 403,
          "details": "No directory listing detected"
        }
      ]
    },
    "basic_reflected_input_check": {
      "status": "WARN",
      "test_url": "https://www.upwork.com/nx/find-work/best-matches?audit=websec_audit_test_12345",
      "details": "Input reflected in response (review encoding/escaping)"
    },
    "tls_certificate_check": {
      "status": "PASS",
      "notAfter": "May  6 23:59:59 2026 GMT",
      "subject": [
        [
          [
            "countryName",
            "US"
          ]
        ],
        [
          [
            "stateOrProvinceName",
            "California"
          ]
        ],
        [
          [
            "localityName",
            "San Francisco"
          ]
        ],
        [
          [
            "organizationName",
            "Upwork Global Inc."
          ]
        ],
        [
          [
            "commonName",
            "*.upwork.com"
          ]
        ]
      ],
      "issuer": [
        [
          [
            "countryName",
            "US"
          ]
        ],
        [
          [
            "organizationName",
            "DigiCert Inc"
          ]
        ],
        [
          [
            "commonName",
            "DigiCert Global G2 TLS RSA SHA256 2020 CA1"
          ]
        ]
      ]
    }
  },
  "score": {
    "value": 86,
    "rating": "Good",
    "deductions": [
      {
        "points": 4,
        "reason": "Missing security header: Content-Security-Policy"
      },
      {
        "points": 2,
        "reason": "Information disclosure header present: Server"
      },
      {
        "points": 8,
        "reason": "Reflected input detected (potential input handling weakness)"
      }
    ]
  }
}