{
  "meta": {
    "generated_at_utc": "2025-12-26T00:29:41.165913Z",
    "tool": "WebSecAuditDashboard",
    "version": "1.0"
  },
  "target": {
    "input_url": "https://hell",
    "host": "hell",
    "domain": "hell"
  },
  "checks": {
    "security_headers_audit": {
      "status": "ERROR",
      "error": "HTTPSConnectionPool(host='hell', port=443): Max retries exceeded with url: / (Caused by NameResolutionError(\"<urllib3.connection.HTTPSConnection object at 0x000001DAD3430B10>: Failed to resolve 'hell' ([Errno 11001] getaddrinfo failed)\"))",
      "findings": []
    },
    "https_redirect_and_hsts": {
      "http_to_https_redirect": {
        "status": "ERROR",
        "details": "HTTPConnectionPool(host='hell', port=80): Max retries exceeded with url: / (Caused by NameResolutionError(\"<urllib3.connection.HTTPConnection object at 0x000001DAD32E98D0>: Failed to resolve 'hell' ([Errno 11001] getaddrinfo failed)\"))"
      },
      "hsts": {
        "status": "ERROR",
        "details": "HTTPSConnectionPool(host='hell', port=443): Max retries exceeded with url: / (Caused by NameResolutionError(\"<urllib3.connection.HTTPSConnection object at 0x000001DAD30F0650>: Failed to resolve 'hell' ([Errno 11001] getaddrinfo failed)\"))"
      }
    },
    "cookie_flag_analysis": {
      "status": "ERROR",
      "error": "HTTPSConnectionPool(host='hell', port=443): Max retries exceeded with url: / (Caused by NameResolutionError(\"<urllib3.connection.HTTPSConnection object at 0x000001DAD33D6ED0>: Failed to resolve 'hell' ([Errno 11001] getaddrinfo failed)\"))",
      "findings": []
    },
    "information_disclosure_headers": {
      "status": "ERROR",
      "error": "HTTPSConnectionPool(host='hell', port=443): Max retries exceeded with url: / (Caused by NameResolutionError(\"<urllib3.connection.HTTPSConnection object at 0x000001DAD330D410>: Failed to resolve 'hell' ([Errno 11001] getaddrinfo failed)\"))",
      "findings": []
    },
    "sensitive_path_accessibility": {
      "status": "OK",
      "findings": [
        {
          "path": "/.env",
          "status": "ERROR",
          "details": "HTTPSConnectionPool(host='hell', port=443): Max retries exceeded with url: /.env (Caused by NameResolutionError(\"<urllib3.connection.HTTPSConnection object at 0x000001DAD3432310>: Failed to resolve 'hell' ([Errno 11001] getaddrinfo failed)\"))"
        },
        {
          "path": "/.git/",
          "status": "ERROR",
          "details": "HTTPSConnectionPool(host='hell', port=443): Max retries exceeded with url: /.git/ (Caused by NameResolutionError(\"<urllib3.connection.HTTPSConnection object at 0x000001DAD32FDFD0>: Failed to resolve 'hell' ([Errno 11001] getaddrinfo failed)\"))"
        },
        {
          "path": "/admin",
          "status": "ERROR",
          "details": "HTTPSConnectionPool(host='hell', port=443): Max retries exceeded with url: /admin (Caused by NameResolutionError(\"<urllib3.connection.HTTPSConnection object at 0x000001DAD330F2D0>: Failed to resolve 'hell' ([Errno 11001] getaddrinfo failed)\"))"
        },
        {
          "path": "/login",
          "status": "ERROR",
          "details": "HTTPSConnectionPool(host='hell', port=443): Max retries exceeded with url: /login (Caused by NameResolutionError(\"<urllib3.connection.HTTPSConnection object at 0x000001DAD32FF050>: Failed to resolve 'hell' ([Errno 11001] getaddrinfo failed)\"))"
        },
        {
          "path": "/phpinfo.php",
          "status": "ERROR",
          "details": "HTTPSConnectionPool(host='hell', port=443): Max retries exceeded with url: /phpinfo.php (Caused by NameResolutionError(\"<urllib3.connection.HTTPSConnection object at 0x000001DAD330F1D0>: Failed to resolve 'hell' ([Errno 11001] getaddrinfo failed)\"))"
        },
        {
          "path": "/robots.txt",
          "status": "ERROR",
          "details": "HTTPSConnectionPool(host='hell', port=443): Max retries exceeded with url: /robots.txt (Caused by NameResolutionError(\"<urllib3.connection.HTTPSConnection object at 0x000001DAD32EBFD0>: Failed to resolve 'hell' ([Errno 11001] getaddrinfo failed)\"))"
        },
        {
          "path": "/sitemap.xml",
          "status": "ERROR",
          "details": "HTTPSConnectionPool(host='hell', port=443): Max retries exceeded with url: /sitemap.xml (Caused by NameResolutionError(\"<urllib3.connection.HTTPSConnection object at 0x000001DAD33D6450>: Failed to resolve 'hell' ([Errno 11001] getaddrinfo failed)\"))"
        }
      ]
    },
    "http_methods_enumeration": {
      "status": "ERROR",
      "error": "HTTPSConnectionPool(host='hell', port=443): Max retries exceeded with url: / (Caused by NameResolutionError(\"<urllib3.connection.HTTPSConnection object at 0x000001DAD3431490>: Failed to resolve 'hell' ([Errno 11001] getaddrinfo failed)\"))",
      "allowed": [],
      "risky": []
    },
    "directory_listing_detection": {
      "status": "OK",
      "findings": [
        {
          "path": "/uploads/",
          "status": "ERROR",
          "details": "HTTPSConnectionPool(host='hell', port=443): Max retries exceeded with url: /uploads/ (Caused by NameResolutionError(\"<urllib3.connection.HTTPSConnection object at 0x000001DAD32E8E50>: Failed to resolve 'hell' ([Errno 11001] getaddrinfo failed)\"))"
        },
        {
          "path": "/backup/",
          "status": "ERROR",
          "details": "HTTPSConnectionPool(host='hell', port=443): Max retries exceeded with url: /backup/ (Caused by NameResolutionError(\"<urllib3.connection.HTTPSConnection object at 0x000001DAD32FC250>: Failed to resolve 'hell' ([Errno 11001] getaddrinfo failed)\"))"
        },
        {
          "path": "/logs/",
          "status": "ERROR",
          "details": "HTTPSConnectionPool(host='hell', port=443): Max retries exceeded with url: /logs/ (Caused by NameResolutionError(\"<urllib3.connection.HTTPSConnection object at 0x000001DAD3431990>: Failed to resolve 'hell' ([Errno 11001] getaddrinfo failed)\"))"
        },
        {
          "path": "/images/",
          "status": "ERROR",
          "details": "HTTPSConnectionPool(host='hell', port=443): Max retries exceeded with url: /images/ (Caused by NameResolutionError(\"<urllib3.connection.HTTPSConnection object at 0x000001DAD330C750>: Failed to resolve 'hell' ([Errno 11001] getaddrinfo failed)\"))"
        }
      ]
    },
    "basic_reflected_input_check": {
      "status": "ERROR",
      "error": "HTTPSConnectionPool(host='hell', port=443): Max retries exceeded with url: /?audit=websec_audit_test_12345 (Caused by NameResolutionError(\"<urllib3.connection.HTTPSConnection object at 0x000001DAD33D6990>: Failed to resolve 'hell' ([Errno 11001] getaddrinfo failed)\"))"
    },
    "tls_certificate_check": {
      "status": "ERROR",
      "error": "[Errno 11001] getaddrinfo failed"
    }
  },
  "score": {
    "value": 94,
    "rating": "Excellent",
    "deductions": [
      {
        "points": 6,
        "reason": "TLS certificate check failed (HTTPS issue or handshake error)"
      }
    ]
  }
}